customer_id,age,region,tenure,avg_monthly_spend,support_tickets,login_frequency,churn_flag
1,56,East,17,374.63993029792925,5,29,0
2,69,East,50,113.5751221739776,5,12,0
3,46,East,40,145.39212090600734,0,12,0
4,32,West,45,418.43075183342154,3,1,0
5,60,North,32,195.13759003088683,4,4,0
6,25,East,29,60.30222123925411,2,16,0
7,38,North,51,119.20601735061399,8,5,1
8,56,West,58,150.62649552334005,0,1,0
9,36,South,3,480.79529955256425,5,3,1
10,40,East,56,307.8686430188822,5,21,0
11,28,North,40,469.72883321431465,9,25,1
12,28,North,34,308.8235077234812,4,10,0
13,41,East,40,265.7094980620333,4,7,0
14,53,South,27,191.17746103734322,9,11,1
15,57,South,13,322.866924995019,4,7,0
16,41,South,45,112.63911107788843,5,10,0
17,20,West,33,454.2177322817177,7,21,0
18,39,North,6,423.19958231357765,1,19,0
19,19,North,24,192.88915154453167,5,7,0
20,41,North,19,478.7588874205824,0,28,0
21,61,West,16,421.34034533700566,3,7,0
22,47,North,40,349.8380986257679,9,25,0
23,55,West,28,104.79286000637366,2,29,0
24,19,South,33,265.20531037163255,8,16,0
25,38,East,59,277.7483996810379,2,19,0
26,50,North,59,154.64811126442106,5,19,0
27,29,North,48,85.98442746168587,0,22,0
28,39,South,41,399.5256337122617,5,15,0
29,61,East,13,104.91577345597776,3,13,0
30,42,West,43,317.4308377527986,7,29,0
31,66,East,45,471.4021282476472,8,10,0
32,44,South,25,444.24733666911914,3,6,0
33,59,South,53,174.98868068716752,9,15,0
34,45,East,42,433.1518868980694,9,12,0
35,33,West,36,50.149627754220234,5,26,1
36,32,West,27,57.95951432596575,0,14,0
37,64,North,38,321.1489237292892,3,23,0
38,68,West,7,214.15919861503826,6,15,0
39,61,East,5,223.9073785216162,0,26,0
40,69,South,43,303.9984908054971,7,20,1
41,20,North,45,136.30210501633726,9,22,1
42,54,North,58,145.28990779946525,5,23,0
43,68,South,57,268.07071415848907,4,8,0
44,24,West,51,389.41409495473835,9,2,0
45,38,South,31,328.77398813341443,8,18,1
46,26,West,23,183.8097717065775,1,19,0
47,56,South,42,243.65172987901454,4,4,0
48,35,East,10,126.79914134749929,5,9,0
49,21,West,32,83.58341645168677,6,16,0
50,42,East,43,402.2132183348672,4,14,0
51,31,North,53,169.42433413468757,8,22,0
52,67,South,30,129.9948745330617,0,24,0
53,26,North,39,361.2281250061937,6,7,0
54,43,North,31,328.12325342923367,9,14,0
55,19,North,18,334.93533170605883,6,20,0
56,37,North,36,153.00257218097613,3,29,0
57,45,South,2,154.69049235320645,8,13,1
58,64,North,14,149.3611834035376,4,19,0
59,24,South,13,128.18866804803253,3,27,0
60,61,South,29,345.07565265274536,6,6,0
61,25,East,12,431.60714836223065,3,20,0
62,64,West,39,375.94286135449755,2,22,0
63,52,West,2,406.44213519224445,8,11,0
64,31,South,32,232.15929308833992,7,16,1
65,34,East,13,344.33410791739914,0,16,0
66,53,South,46,209.40630820014854,6,9,1
67,67,South,27,286.477079885888,8,29,0
68,57,South,49,266.73568094068804,7,28,0
69,21,East,41,129.59921531473447,7,18,1
70,19,West,17,224.18544215103387,5,13,0
71,23,East,40,483.72002396705795,3,10,0
72,59,North,31,161.86111597172393,7,1,1
73,21,East,34,110.21168132576992,2,17,0
74,46,East,24,238.3612797307709,8,6,0
75,35,East,45,405.6519811370666,1,11,0
76,43,East,35,311.9667034009875,1,25,0
77,61,West,48,356.43867225721004,6,1,1
78,51,North,6,135.36268167860473,9,26,1
79,27,West,19,328.5266868534747,3,19,0
80,53,West,30,195.5751777101632,9,17,0
81,31,East,7,425.43651467964537,7,5,0
82,48,South,10,333.1844627048313,8,23,0
83,65,South,41,139.48532499888316,6,9,1
84,32,West,32,79.07750592983876,4,19,1
85,25,West,34,69.18494417916473,7,14,0
86,31,East,28,217.13385544256334,3,4,0
87,40,West,15,169.63301149444106,1,19,0
88,57,East,30,340.7405555581286,5,2,0
89,38,South,37,274.7002257403782,8,4,1
90,33,South,29,169.70867510242132,0,29,0
91,62,North,22,117.15700007757926,9,24,0
92,35,South,4,107.23989320935232,6,7,1
93,64,West,20,439.09717646318796,9,7,1
94,41,South,32,159.56508578219024,8,7,0
95,43,East,36,343.26979155993575,9,11,0
96,42,South,50,414.8086675938198,8,23,0
97,62,North,4,326.33659003313124,9,22,0
98,58,South,27,436.80435424112557,2,7,0
99,46,East,17,226.57717468781354,4,10,0
100,32,East,12,480.29998579202675,7,13,1
101,62,West,22,109.91525188014361,7,7,0
102,18,South,17,95.96728834589214,3,28,0
103,42,East,10,346.4114657933496,0,29,0
104,24,North,54,474.2740136359678,0,23,0
105,26,West,1,413.99755773634763,3,27,0
106,41,North,22,84.38758674712315,5,9,0
107,18,South,26,175.71547127062237,7,6,0
108,61,South,56,468.64349817702066,5,27,0
109,25,South,59,163.87629476035306,8,16,1
110,41,West,18,401.52669070411366,8,3,1
111,28,East,50,421.3094881679167,1,28,0
112,68,West,14,272.9534465574418,9,12,0
113,34,North,47,223.85700943174197,0,3,0
114,25,West,29,252.55599458889185,1,4,0
115,52,North,12,152.13411246441387,4,25,0
116,52,West,36,450.2259122579799,3,21,0
117,50,East,59,252.77884552839106,3,3,1
118,22,North,35,447.1067482052449,8,17,0
119,59,South,52,97.56206595782334,7,5,1
120,56,South,12,494.7238719500591,5,23,0
121,58,West,7,249.47288934962822,0,23,0
122,45,South,29,71.52386917734746,1,22,1
123,24,North,11,67.1098317068547,5,21,0
124,26,South,33,385.79326586682737,1,1,0
125,25,East,6,346.5659903916563,9,22,0
126,29,East,47,410.9587511574144,4,10,0
127,51,West,15,97.41539027876269,4,27,0
128,50,North,32,66.00689016599677,5,13,0
129,65,East,51,278.8606802514103,5,29,0
130,40,East,11,224.41785416724628,5,4,1
131,41,North,58,257.87612150193013,1,5,0
132,54,South,23,496.2147839916233,9,9,0
133,52,South,26,486.8374809518016,2,7,0
134,61,West,34,474.0419253529368,5,13,0
135,57,South,46,402.72920454545323,7,23,1
136,39,North,34,209.67861211560069,0,2,0
137,44,East,29,235.45891861824722,0,11,0
138,52,South,4,297.327219673516,1,15,0
139,18,West,17,423.74050538217796,5,27,0
140,52,South,35,80.92077463322049,8,29,1
141,54,North,13,240.93359864819965,3,22,0
142,64,West,41,87.17794855667091,2,16,0
143,31,South,39,281.59591395808025,7,0,1
144,20,West,15,454.50537080280594,9,22,0
145,18,North,55,402.1182160537721,8,9,0
146,22,East,29,152.52908789439948,4,24,0
147,43,North,29,489.1958823194566,8,22,1
148,31,North,11,350.3076791208928,1,9,0
149,56,North,52,54.69246472883138,2,20,1
150,44,North,32,164.93606810834876,6,23,1
151,26,East,2,167.32098496396245,6,1,0
152,32,East,47,81.16443782863698,5,8,0
153,32,West,14,481.92193313416806,5,21,0
154,43,South,20,265.2148825591657,1,12,0
155,59,East,22,453.1165688173469,9,24,0
156,30,East,11,194.99697655008276,5,15,0
157,68,South,27,106.3551066947722,3,17,0
158,49,East,3,263.4512494577963,2,18,0
159,56,North,17,101.28048562144272,1,11,0
160,66,North,44,268.706976339893,0,7,0
161,69,South,56,464.13373154873346,4,16,0
162,49,West,28,284.3456638253957,1,14,0
163,21,West,29,327.42487710278755,1,9,0
164,47,South,21,120.48729663821373,6,14,1
165,54,South,47,69.68103164598627,7,14,0
166,40,North,16,99.86358298091316,9,22,1
167,56,West,37,319.3392090579645,7,6,0
168,62,East,59,92.75526454653709,3,12,0
169,32,North,20,219.19680047359014,0,16,0
170,60,South,6,297.5413732061702,6,8,0
171,46,West,19,224.89375938343116,0,7,0
172,53,East,57,123.65771065938567,3,19,0
173,30,East,5,173.20608838134794,7,25,0
174,49,North,3,467.7428897818596,1,26,0
175,24,West,59,354.1920240138599,5,20,0
176,68,West,1,273.22152740594896,5,17,0
177,39,South,58,55.72170049410208,8,12,1
178,45,West,38,496.5869302202616,4,15,0
179,19,West,15,352.1547207025895,9,8,0
180,59,North,34,192.61511480522523,3,11,0
181,62,West,35,445.6708969990272,4,11,0
182,23,East,49,166.29422913131816,9,5,1
183,45,North,25,294.8074606322382,4,18,0
184,45,North,24,336.2318436784213,7,27,1
185,61,South,12,149.4785171541778,9,6,0
186,61,West,18,490.27877546026815,7,24,0
187,37,South,15,386.6863576905489,1,2,0
188,47,East,44,301.0159514799815,6,15,1
189,28,North,16,131.2675691788854,7,17,1
190,45,North,27,74.23619314911176,5,15,1
191,42,North,8,194.02692463444257,4,22,0
192,56,East,46,388.93430116103127,8,6,0
193,50,East,25,171.1990842359113,2,3,1
194,18,South,17,292.8002992229773,9,26,0
195,44,South,29,377.5762295288344,3,24,0
196,69,South,53,98.57467159090896,8,29,1
197,30,West,8,358.384107252143,5,7,0
198,58,North,15,91.34189946952011,7,12,0
199,20,North,27,484.30838395714846,6,12,1
200,56,South,46,269.77735852922285,1,16,0
201,23,North,50,117.80424846944483,2,16,0
202,25,South,52,204.0726362150959,0,4,0
203,44,West,7,236.03740218286765,8,5,0
204,26,West,3,391.1832549844418,6,18,0
205,54,East,29,384.54070373447416,0,12,0
206,50,West,44,325.37322740179894,2,24,0
207,68,South,53,97.66882065132182,3,27,0
208,59,West,24,118.20621721445312,3,25,0
209,61,East,58,92.19061429050049,4,13,1
210,41,North,3,309.7277524793975,2,21,0
211,32,South,20,444.71229868013177,2,3,0
212,49,North,46,245.2102305146473,0,27,0
213,49,East,15,122.3816782809858,6,6,0
214,41,East,25,301.11904631703516,9,7,1
215,58,East,30,415.28849758956943,0,24,0
216,69,North,14,383.7704276808185,1,12,0
217,66,North,7,446.6528508537596,3,26,0
218,66,North,17,175.05594376199053,3,5,0
219,69,North,44,137.2792402704987,4,5,0
220,29,East,20,445.9174186738724,1,23,0
221,56,East,36,345.9021407501104,3,27,0
222,19,South,9,189.91801850339937,0,20,0
223,20,South,38,384.05662275762916,1,29,0
224,66,North,48,416.8032730161656,0,2,0
225,54,West,57,326.74020815350957,9,27,0
226,66,West,22,359.5478494459618,9,2,1
227,34,East,54,218.86695699919986,3,12,0
228,66,East,53,292.41305030436763,3,21,0
229,19,East,53,285.871626826773,6,1,0
230,19,South,2,431.62150600884735,9,15,0
231,45,South,24,427.98379112698217,8,21,1
232,40,East,8,424.7062112061694,8,28,0
233,54,East,11,54.964226418109604,4,5,0
234,49,East,13,387.2954680109997,9,7,1
235,50,West,17,391.4043755499522,0,22,0
236,18,South,8,355.2704702848138,0,7,0
237,36,West,21,390.3190960511537,5,29,0
238,19,West,18,428.8866671735189,1,24,0
239,61,East,30,261.64357434580353,7,5,0
240,43,East,18,275.9225960698012,8,13,1
241,49,North,46,106.12132561012572,3,2,0
242,23,North,47,223.41914737131282,4,9,0
243,49,West,31,339.51433096030297,7,2,1
244,21,South,38,401.17989926627354,2,26,0
245,28,East,32,147.74409396104477,4,11,0
246,34,East,11,112.02030462165592,2,16,0
247,55,West,45,348.3689020252215,9,26,1
248,41,North,25,50.84594758620979,2,28,0
249,22,South,33,130.26766293829843,2,4,0
250,69,North,38,63.08212115477918,6,29,0
251,51,North,41,125.09830303469191,6,19,0
252,23,North,8,131.59367596647735,6,24,1
253,39,North,11,224.4531176376774,9,8,0
254,28,East,22,231.04720610895018,7,29,0
255,65,East,51,443.418111774607,4,20,0
256,33,North,24,279.54937062447135,4,25,0
257,50,South,41,375.53214452552885,3,19,0
258,26,West,17,96.86181106412934,6,6,1
259,23,South,12,151.44743995866224,9,21,0
260,33,South,57,366.32454844040456,3,3,1
261,46,South,46,73.76178221083764,1,12,0
262,20,North,32,268.9689480096889,3,12,0
263,37,East,15,319.71603454832024,7,9,1
264,53,South,16,320.9655398236165,8,17,0
265,36,North,54,60.319765070618914,2,16,0
266,43,South,22,194.94860190313346,6,19,0
267,20,South,28,336.42079297211933,8,19,0
268,36,North,20,117.04988126715955,3,12,0
269,37,East,33,362.93704174762394,9,16,0
270,49,East,10,385.66634396615353,2,21,0
271,24,West,40,491.88613570076535,4,3,1
272,69,North,32,144.42889768538424,0,0,0
273,58,West,50,421.30880044975186,2,0,0
274,50,West,33,284.13345961339434,7,14,0
275,57,West,2,218.05816826487805,7,12,1
276,56,East,33,105.06954079633007,3,16,0
277,35,North,33,380.9775229193919,1,23,0
278,57,West,41,156.1359196146592,7,25,0
279,18,North,13,217.1399008428706,7,7,0
280,28,North,30,78.1440021038158,9,17,1
281,45,East,33,410.61511211878354,3,26,0
282,42,West,13,394.9648357872395,2,12,0
283,67,West,52,380.1271235190406,1,22,0
284,40,North,26,184.749579721349,8,13,0
285,48,South,22,128.06603341968076,0,7,0
286,47,East,39,336.8989690116034,6,7,0
287,59,East,2,273.2748728509488,4,26,0
288,52,East,38,130.2136101070887,7,25,0
289,24,East,39,358.6600719724387,3,14,0
290,33,West,26,496.00689431958665,6,26,1
291,43,West,46,386.24881448391693,4,12,0
292,65,South,58,382.9938740085253,4,6,0
293,69,East,50,477.64073881876624,8,4,0
294,66,East,15,141.321365408706,8,16,0
295,19,North,34,304.4974842146482,8,27,1
296,18,West,42,490.84102176524755,5,24,0
297,65,East,55,124.38234993657855,5,28,0
298,29,South,44,365.1133817500345,4,15,0
299,22,South,49,313.6145656873559,8,22,0
300,54,West,40,313.91559148491814,9,1,1
301,49,South,11,363.95178238403383,7,21,0
302,26,South,3,468.32761529405786,6,17,0
303,58,West,59,402.1618729331021,6,16,0
304,52,East,6,75.2612465372945,5,29,0
305,36,East,9,433.72760894407,4,6,0
306,65,South,6,151.49359846657967,3,12,0
307,33,South,9,219.61137413136737,2,17,0
308,20,East,39,257.779766125572,2,28,0
309,37,West,31,266.40770033888134,5,13,0
310,41,South,32,245.83117966491056,3,29,0
311,50,North,41,471.808982397139,5,17,0
312,41,West,50,367.7085534488111,2,12,0
313,69,South,12,334.0267906805179,3,10,0
314,28,South,8,72.4289125023237,8,20,1
315,66,North,8,456.7609986171686,4,29,0
316,25,North,50,459.2255864037783,6,20,0
317,53,East,28,401.09587854354606,9,15,0
318,55,West,20,53.16314171612862,1,22,0
319,57,West,47,75.7761129849305,4,16,1
320,37,East,59,151.35066602082037,8,7,0
321,52,West,7,109.10723366520801,2,18,0
322,65,West,11,229.47621336667825,8,19,0
323,42,West,20,465.18037613950537,5,14,0
324,52,West,16,262.42719538864924,3,8,0
325,42,West,4,56.03118189447453,6,19,1
326,46,North,6,177.2355603104429,7,9,0
327,35,West,58,70.0677087678327,5,11,0
328,63,North,22,66.32943017607597,4,20,0
329,35,West,26,174.07393389299853,5,22,0
330,19,East,3,174.02555240552545,4,19,0
331,52,South,41,404.20697117072183,7,29,0
332,33,North,42,488.67559375150034,0,0,0
333,58,West,14,217.04319225049923,6,24,0
334,53,East,11,242.99909548746737,9,19,0
335,50,South,18,430.15524632870967,9,8,0
336,21,North,54,170.662559042981,1,21,0
337,50,South,12,120.37181198155157,8,14,0
338,31,East,23,433.8903305316427,0,0,0
339,38,North,12,70.92526389802947,9,11,1
340,65,South,13,328.8647480897371,5,2,1
341,37,West,25,302.8967813600631,8,10,0
342,25,North,45,205.66420137576242,0,1,0
343,24,South,51,191.83528449381154,3,15,0
344,20,East,58,397.3359767817296,3,8,0
345,34,East,19,88.89107484314592,8,14,0
346,50,North,55,156.55293919012342,4,11,0
347,65,South,46,379.6019293271404,4,0,0
348,29,North,36,296.7442626768909,5,12,0
349,68,North,45,107.59469384011388,0,13,0
350,39,South,8,446.96102642692705,0,24,0
351,39,South,29,227.0515309536162,8,24,0
352,63,West,55,422.54076889497776,2,7,0
353,47,South,53,404.4708569874689,3,7,0
354,55,East,55,330.9914509122776,0,26,0
355,55,North,32,272.5165090827918,8,29,0
356,62,North,51,490.7978781717906,7,11,0
357,68,East,44,115.23428257091767,1,0,0
358,25,South,18,376.3200773980017,7,10,1
359,44,East,6,136.03581565915505,6,7,0
360,44,East,18,202.21839739955678,5,9,0
361,51,West,19,188.91443451793785,0,29,0
362,38,East,22,476.16619448242534,6,18,0
363,47,North,37,485.31028000472384,9,10,0
364,50,East,32,132.35694990562723,6,6,0
365,45,North,56,59.91582213387689,8,10,1
366,64,North,41,374.0036178484009,0,16,0
367,50,North,59,238.09547024171795,1,0,1
368,22,South,3,89.97811028940397,8,25,1
369,65,West,28,357.6893475096691,8,28,1
370,36,North,10,295.2974877173149,5,20,0
371,21,North,51,491.2325699004977,5,20,0
372,52,South,35,152.33427313762053,3,7,0
373,66,North,29,231.7900443469467,3,22,0
374,34,East,54,294.14561152794033,4,23,0
375,61,East,15,406.26499480400827,2,5,0
376,45,West,33,296.9773955240264,0,21,0
377,47,North,7,325.80507238787715,0,17,0
378,46,South,12,151.76617321547334,6,5,1
379,63,East,49,431.1134276398519,0,4,1
380,23,South,30,242.88374613671408,0,12,0
381,52,South,21,113.43183238479617,2,18,0
382,58,East,31,348.8845615274378,9,21,1
383,54,South,58,147.24070393338837,3,7,0
384,41,East,24,93.90312960768489,3,8,0
385,46,South,20,437.8941087819225,1,16,0
386,66,East,37,257.0730190197978,0,2,0
387,63,North,4,387.1776707130994,2,18,0
388,48,West,28,180.7644019128598,3,10,0
389,52,East,44,404.13656071294986,2,23,0
390,50,East,20,100.37116715968864,7,16,1
391,69,West,24,210.1880182076837,9,20,1
392,38,East,50,490.12781808808785,0,18,0
393,49,East,49,407.29537236560276,1,1,0
394,40,South,51,273.76516864160965,6,7,0
395,50,West,32,202.89986220284828,3,18,0
396,20,North,41,442.46106501011445,7,6,0
397,35,East,36,295.18149158803203,2,27,0
398,42,West,58,391.2912580411,5,26,0
399,59,South,53,389.34845614227385,8,16,1
400,48,North,34,58.07555535582132,0,5,1
401,20,West,36,106.81420225667605,0,18,0
402,57,North,2,346.833214877634,7,23,0
403,63,North,15,122.72891507864215,2,5,0
404,41,North,34,164.9720050950221,4,27,0
405,67,East,36,475.98707938982324,0,1,1
406,49,East,6,302.08201626871033,4,5,0
407,64,South,39,387.8282781497062,5,22,0
408,39,South,42,301.09133245218794,7,4,1
409,40,West,51,298.6311266522263,2,18,0
410,19,South,51,92.36835955656406,2,19,0
411,44,North,58,204.64843667409636,9,3,1
412,59,North,54,177.09390440893026,8,21,0
413,19,East,12,225.82776452612595,3,25,0
414,43,North,3,409.25488470094774,3,16,0
415,34,West,45,217.36970056258917,6,10,1
416,57,North,18,253.26356865425723,1,3,1
417,50,North,40,228.82162571839243,7,25,0
418,26,West,21,92.03358738888302,5,12,0
419,60,South,15,248.4824712128527,2,19,0
420,65,South,33,138.02417287003175,8,25,0
421,56,West,35,134.02548309786866,4,16,0
422,46,East,26,92.31624699541986,7,8,1
423,59,North,8,210.50193836379412,6,3,1
424,43,West,36,390.8668481552378,7,22,0
425,52,North,48,174.39876076252824,6,27,0
426,67,East,30,190.5570958484811,2,13,0
427,42,North,23,339.2035959525906,1,18,0
428,41,West,42,138.1283656641135,6,25,0
429,30,North,44,453.63106869059044,2,27,0
430,24,South,14,284.0857354631995,2,2,0
431,53,East,14,251.42132314409764,1,13,0
432,62,East,2,301.0190863681406,3,7,0
433,37,East,55,124.71544103728796,7,23,0
434,18,West,37,326.06291238762935,0,26,0
435,25,East,5,213.3953314853047,0,27,0
436,63,South,38,453.7338534340785,4,0,0
437,33,West,45,125.98439300495876,4,9,0
438,31,South,41,278.1729967394485,0,17,0
439,29,North,54,319.1506832160581,5,15,0
440,68,North,47,65.02262080387155,0,7,0
441,40,North,14,213.6619061402631,4,0,0
442,32,North,56,379.68585561537475,8,11,0
443,45,South,39,419.169878352038,4,7,0
444,51,West,25,190.92289766777705,5,23,0
445,19,West,20,409.36697257223807,7,15,0
446,49,East,2,485.49014469652496,0,17,0
447,40,South,39,435.59327123379234,1,3,1
448,39,North,6,102.93979467169635,8,5,0
449,68,South,17,382.87864943849326,2,11,0
450,42,East,59,193.85007459824513,5,26,0
451,39,East,25,494.78719523543447,4,8,0
452,39,South,57,268.4115424219492,1,14,0
453,66,South,28,105.09525426152346,6,15,0
454,69,South,2,376.33349661232586,3,23,0
455,59,West,35,195.35503927379622,0,11,0
456,23,North,37,498.68517068674777,3,23,0
457,32,South,5,490.9021060345348,5,22,0
458,60,South,1,345.2603081092613,6,13,0
459,54,South,40,108.42190202827291,6,12,0
460,50,East,12,359.0874489537631,6,24,1
461,25,East,56,91.86371890701224,2,1,1
462,61,West,36,63.213871596076544,5,2,1
463,61,North,45,420.3313007996687,7,25,0
464,22,West,23,144.3888264576566,3,23,0
465,56,North,47,220.56220679859382,7,29,0
466,21,East,31,488.05582548927794,1,21,0
467,23,East,11,201.57822583749646,9,9,0
468,62,East,10,183.42040157749187,8,8,0
469,49,West,3,463.19359983024884,8,25,0
470,69,South,54,99.83680039353115,7,19,1
471,47,South,14,391.8120845515843,9,7,0
472,64,East,16,494.6295049937483,9,9,0
473,52,South,10,455.58320484859195,0,18,0
474,57,South,29,343.25056341789167,1,2,0
475,69,West,10,191.3273577467294,5,23,0
476,33,North,12,164.44489153024253,9,4,1
477,30,East,30,418.6647971921575,4,2,1
478,67,East,41,445.9198612782629,8,25,1
479,59,West,1,286.4457106455618,4,26,0
480,47,West,5,159.95297335390978,1,15,0
481,36,South,20,100.82444378502811,9,16,0
482,34,East,8,89.23076052432403,3,14,1
483,36,North,43,373.58485130923503,8,2,1
484,45,West,12,239.05342753147625,0,11,0
485,43,North,1,457.41194342504167,0,8,0
486,54,North,57,382.85208532704365,6,20,0
487,43,East,54,136.06718806156402,2,11,0
488,40,East,20,326.1998384670646,9,25,0
489,26,West,28,245.9774544791717,1,14,0
490,29,East,57,309.7623788458759,8,1,1
491,18,East,43,382.13110550233273,2,22,0
492,18,East,37,412.78814645170587,1,17,0
493,64,North,47,429.6817968830259,7,19,0
494,51,West,37,164.28869355741114,9,11,0
495,49,South,12,64.00201996281096,5,22,0
496,65,North,37,382.6826308241479,5,3,0
497,42,East,49,97.85467681509857,9,22,0
498,57,North,49,191.71381487583545,6,15,1
499,62,East,56,51.717710355956214,6,22,1
500,18,East,44,356.751267080729,5,15,0
501,33,North,56,125.20940516204956,3,0,0
502,56,West,28,344.8770843612462,8,21,0
503,22,East,47,496.28417772552746,5,24,0
504,39,West,15,82.70189222450733,3,1,0
505,46,South,6,84.68510537815732,2,29,0
506,20,East,44,203.1710417000037,3,2,0
507,29,West,59,439.87393141310395,2,25,0
508,43,West,20,146.98844095609934,1,20,0
509,33,South,50,212.1700189686564,4,24,0
510,68,West,14,80.8274329821408,1,19,1
511,54,West,2,393.41988106650024,5,16,0
512,39,South,9,233.73785424175298,2,19,0
513,46,East,37,391.6619298773793,5,21,0
514,31,West,20,456.6235299560578,9,20,0
515,45,West,26,154.74341619557993,8,29,0
516,22,West,29,413.3282136529781,0,28,0
517,64,North,1,76.59225053521398,5,0,1
518,66,South,55,454.4813246811113,8,19,1
519,47,North,35,342.8458464014363,3,5,0
520,63,South,6,443.4020258622582,1,28,0
521,69,East,37,50.08477980046185,3,14,0
522,22,East,53,126.08648166019663,0,25,0
523,29,West,59,225.39172434192145,2,25,0
524,33,South,5,220.77630651862336,9,13,0
525,43,East,33,152.0286723155798,8,19,0
526,43,South,49,221.72537294024005,9,14,1
527,65,East,51,107.98192040011467,4,13,0
528,38,North,14,235.74250816971173,5,24,0
529,56,East,12,411.0594481216689,2,20,0
530,53,North,42,265.581528396508,4,23,0
531,50,East,20,58.10004002534674,7,24,1
532,47,West,53,239.64981871066135,5,25,0
533,54,North,50,62.22875724087987,3,4,0
534,40,East,24,484.8095348180592,1,5,0
535,27,West,59,107.35428174029104,8,16,0
536,22,North,43,368.4597468487784,0,10,0
537,53,West,34,487.7493453014386,0,15,0
538,51,South,25,421.71757324995735,3,11,0
539,69,South,50,364.69191880679165,6,14,0
540,48,North,29,427.7574092753451,0,22,0
541,27,East,57,491.8094119672824,8,3,1
542,36,North,39,329.6050237640883,3,26,0
543,49,West,31,301.6331630731969,2,17,0
544,18,East,56,332.7071497084766,0,20,0
545,22,South,47,289.7041490426997,9,27,0
546,62,East,43,335.79009765937343,3,2,1
547,21,South,50,252.42899358765166,8,21,1
548,33,East,23,148.29943229748818,9,7,1
549,41,East,44,104.11125193025404,5,22,0
550,33,East,38,80.75342098951718,5,2,1
551,19,West,20,168.49210268894004,0,7,0
552,66,West,23,70.75560395108022,9,17,1
553,45,North,45,305.2268509637235,1,9,0
554,49,North,52,177.72280116058414,5,24,0
555,44,South,16,421.04066363916445,1,19,0
556,37,West,50,83.4083928447739,2,16,0
557,41,South,42,151.85817245366866,3,7,0
558,29,North,55,378.61076619056564,4,22,0
559,67,South,8,319.46373337257114,8,10,0
560,52,North,50,79.0210720621254,3,28,0
561,50,West,21,444.75775572299017,8,4,1
562,50,East,1,444.76779327178076,9,25,0
563,68,West,55,198.68360174409824,2,12,0
564,60,South,8,203.1826295073041,7,20,0
565,54,South,29,495.06276125757825,0,22,0
566,29,West,32,331.7792772169122,8,4,1
567,20,West,38,289.0924342556266,8,23,1
568,18,North,5,427.168482598366,9,26,0
569,50,South,47,178.3806522607924,1,12,0
570,57,South,22,243.1321670283606,3,5,0
571,27,West,47,170.49950396975038,7,28,1
572,60,East,34,405.12238096492916,6,4,1
573,61,South,1,308.0072055358481,0,8,0
574,46,East,55,346.4712815630317,4,26,0
575,30,West,55,163.53826242773295,6,15,0
576,29,West,26,149.1013856197918,3,1,0
577,48,North,43,269.7685830423224,0,0,1
578,63,South,10,381.90458709177204,8,7,0
579,19,East,30,286.35789088407205,4,27,0
580,68,North,50,64.69055489555087,1,18,1
581,67,South,18,440.84817784412996,7,29,0
582,52,North,17,79.10910208180921,1,10,0
583,40,West,26,480.12101767433853,2,27,0
584,34,South,8,61.31388122477273,9,11,0
585,43,North,47,362.50270525881893,0,11,0
586,25,North,40,86.99317867030175,1,6,0
587,46,East,49,459.80446074581283,6,25,1
588,43,North,12,258.99495630149426,9,12,0
589,27,South,27,111.88569866765692,1,26,0
590,43,South,8,203.36706490543096,5,7,0
591,51,East,25,124.17110390604292,2,28,0
592,68,South,46,126.7618602006905,3,28,0
593,58,West,4,476.648744077149,7,21,1
594,24,South,33,250.36075052815468,2,27,0
595,21,South,1,404.9610187574118,9,25,0
596,67,North,19,337.82250252995686,5,29,0
597,62,North,31,354.3918630522765,0,8,0
598,28,South,16,109.26204731241734,6,6,0
599,46,East,14,155.38300106696855,7,25,0
600,53,North,53,404.0376508194966,7,20,0
601,42,East,48,486.8447929136523,2,23,0
602,38,South,5,168.2040391693933,9,14,1
603,53,South,41,172.20594413796795,0,1,0
604,27,West,26,262.8037097649072,8,22,0
605,54,North,28,492.728140784947,5,19,0
606,26,South,2,171.03152562191198,8,24,0
607,41,West,50,233.13735933541875,6,11,0
608,52,North,6,451.16600703057804,0,0,0
609,66,South,9,51.314464679612904,0,22,0
610,52,South,33,67.8946842448563,5,21,1
611,65,North,41,321.83225468204864,4,7,0
612,53,North,25,458.32107412078113,8,4,0
613,35,North,48,157.48549718086744,1,14,0
614,66,South,13,261.3387986063191,7,0,1
615,56,South,9,252.70938574601823,4,0,0
616,49,West,53,262.8371057429796,1,24,0
617,41,East,13,330.13386307838533,9,9,0
618,40,North,31,261.3846933458077,5,21,0
619,49,South,41,251.36066359510602,9,9,0
620,54,South,11,263.4297891940672,7,20,0
621,29,North,4,315.8903485719687,3,14,0
622,66,East,34,291.65336975811124,1,16,0
623,30,North,38,434.36119894272696,4,21,0
624,40,East,46,72.27358407214997,1,5,0
625,42,South,4,424.9926821628556,1,2,0
626,52,East,38,429.76607567527583,5,12,0
627,58,West,19,178.20860968893237,9,15,1
628,47,South,6,258.2833797571328,8,7,0
629,34,West,34,247.34231984184598,3,29,0
630,66,North,18,148.32942545935862,5,14,0
631,37,North,13,228.5585811888424,6,16,0
632,65,North,41,69.9744974768845,5,16,0
633,42,East,23,175.0199327517805,7,21,0
634,39,South,19,417.50697895282315,3,25,0
635,30,North,45,178.0530357933039,0,12,0
636,36,North,11,418.19300093671137,6,16,0
637,66,South,1,289.21975907199385,2,5,0
638,53,North,24,445.938204812522,5,16,0
639,29,West,54,308.6507994189868,1,15,0
640,58,South,7,63.35070037913292,8,13,1
641,36,South,25,353.9390933961901,0,12,0
642,29,South,21,70.1841056106059,5,5,0
643,26,West,15,252.7686585424103,5,2,0
644,24,South,1,468.2420125129013,4,13,0
645,45,West,12,124.34177270203257,4,13,0
646,31,South,58,225.44255882369484,0,14,0
647,48,East,7,378.4371389818153,9,7,0
648,69,North,15,447.0163502426814,4,28,0
649,36,East,21,351.9243521341285,1,14,0
650,64,North,19,166.17796438602613,6,21,0
651,33,West,29,353.5735338122973,2,28,0
652,22,East,25,183.5274384968405,3,26,0
653,52,South,33,373.29315341843085,2,12,0
654,29,North,49,479.31490741326826,2,16,0
655,42,North,32,374.6270529978297,3,20,0
656,69,East,49,438.29622631058555,4,23,0
657,38,West,35,50.94672942914754,0,2,0
658,53,East,44,372.90745612921745,3,27,0
659,40,West,38,423.31440058936266,7,5,0
660,33,West,26,68.25143189510663,9,4,1
661,56,North,11,442.2189772797038,6,21,1
662,62,East,35,165.5124027395206,8,25,0
663,59,East,8,349.38144589012484,4,16,0
664,56,West,46,410.159695560533,9,22,0
665,31,East,14,348.19903087670997,3,24,0
666,48,South,10,91.52815643296576,7,1,1
667,22,South,2,318.34468348716575,8,25,1
668,52,East,46,297.31264552496464,6,14,0
669,40,East,9,455.1445706334222,6,4,0
670,46,West,3,231.90787833989413,4,25,0
671,60,South,21,194.48649368917256,3,19,0
672,28,South,26,387.4328439964098,9,5,0
673,35,North,8,235.70389673752848,0,5,0
674,64,West,48,340.74327875227834,9,26,0
675,29,North,2,340.9025405560731,9,17,0
676,26,South,6,449.617578962053,6,17,0
677,27,West,28,319.4115810435938,0,3,0
678,61,East,53,275.96912448289413,0,16,0
679,34,West,29,112.49209687843265,4,24,0
680,55,East,26,102.08192300541742,8,13,1
681,24,East,25,119.44470437738572,5,13,0
682,63,West,12,127.33181659719253,2,12,0
683,30,East,5,337.04469169863523,2,6,0
684,57,North,34,383.44156262356034,6,11,0
685,59,South,48,288.4961853168884,5,22,0
686,26,East,37,423.057979645471,8,14,0
687,67,North,15,496.06845203013495,5,18,0
688,44,East,44,419.0056831037102,4,10,0
689,19,South,36,362.69706815418164,9,14,0
690,22,North,15,289.62171474671595,6,11,0
691,46,South,43,251.9838822536187,0,2,0
692,54,South,48,87.97657124504406,6,16,1
693,55,North,23,229.71593677761092,2,2,0
694,36,North,6,459.5605865519604,8,18,0
695,25,North,46,413.61018345794884,5,19,0
696,65,West,50,147.22311425525925,8,3,1
697,62,North,44,259.97350311374714,4,2,0
698,18,North,59,417.52544115134503,6,25,0
699,39,North,43,80.32304965348513,3,15,0
700,69,North,45,224.32666355089668,6,11,0
701,34,East,21,433.32855659327646,0,7,0
702,24,West,23,231.75403887655568,6,23,1
703,42,South,43,84.9265901291484,7,28,1
704,62,North,55,294.1404658395131,4,28,0
705,21,East,16,437.78412271323293,1,16,0
706,53,East,47,315.6284943289219,4,6,0
707,23,East,53,151.8255986964043,5,10,0
708,48,South,15,222.9078290618216,1,17,0
709,36,North,25,252.55551253186948,5,0,1
710,61,West,36,310.6698592192371,5,2,1
711,56,West,11,391.70796158867586,0,3,1
712,44,East,51,94.49312793828594,0,12,0
713,27,South,15,450.34341485790486,9,5,0
714,43,South,4,55.539366357234016,2,25,0
715,36,South,21,216.52355060341486,9,13,1
716,56,West,13,62.339139487695945,9,4,1
717,20,East,22,226.83840140538106,2,15,0
718,62,North,19,286.6156694929957,3,14,0
719,30,West,34,280.25662396168025,1,14,0
720,67,East,14,124.53275616271941,8,29,0
721,45,East,4,340.58322954302554,9,3,1
722,37,North,48,70.1503027271007,6,7,1
723,45,North,53,392.8580690595869,6,26,0
724,25,North,52,475.9899952970958,5,15,0
725,58,South,46,202.89597221800304,2,27,0
726,56,North,27,282.7577217714494,5,15,0
727,18,East,29,220.50962512646646,7,29,1
728,20,North,47,53.01967563682698,7,3,1
729,30,East,28,223.64352630280217,8,12,0
730,45,West,35,406.27411666760594,0,25,0
731,66,South,8,318.1949789825668,0,27,0
732,42,West,16,95.56696157682151,2,12,0
733,50,West,42,431.2127703622033,2,1,0
734,55,East,36,288.98840519835926,9,2,0
735,23,West,30,428.77551278510424,7,21,0
736,61,East,18,311.0996834532632,9,7,1
737,62,North,2,301.85980017707294,0,23,0
738,49,North,49,97.36663333865557,1,14,0
739,62,East,13,125.31187991238258,1,10,0
740,64,North,4,487.411365423466,2,8,0
741,38,South,26,152.81903603964685,5,6,0
742,33,West,25,489.85345309566554,0,12,0
743,38,South,30,289.3607179359185,1,1,1
744,28,West,11,111.10507117877171,0,7,0
745,54,North,7,94.68599123916184,4,6,0
746,53,South,31,143.988831817583,6,23,0
747,52,North,44,466.5367985114011,7,11,1
748,36,West,10,236.36760094770204,9,18,0
749,37,East,39,227.94542059681146,0,6,0
750,35,East,13,190.94281748157832,6,9,1
751,64,South,31,116.17783275496477,4,28,0
752,58,North,7,269.5330387365829,9,24,1
753,66,North,56,108.52150213001241,0,15,0
754,31,South,49,425.9661063720474,2,2,1
755,32,East,42,216.6786438238879,6,29,0
756,48,West,42,218.66160550180837,9,9,1
757,18,South,56,263.3028928174201,0,5,0
758,20,West,36,249.85747092458823,6,17,1
759,33,East,20,497.68608787669467,4,17,0
760,40,North,4,295.42150454823616,0,4,1
761,28,East,54,89.6907667054418,0,20,1
762,29,South,7,323.0948037096185,0,28,0
763,27,North,54,118.21293179144598,8,6,1
764,49,South,1,63.92194012910389,2,27,0
765,33,South,44,486.8339691547617,4,1,1
766,25,East,56,398.0925011905538,9,10,0
767,55,South,45,491.0490465861951,8,29,0
768,29,East,42,265.0453016100091,5,12,0
769,41,North,47,289.5158890170393,8,22,0
770,45,East,59,125.7516301636086,7,4,1
771,25,North,13,161.10834200041353,7,29,0
772,45,East,55,427.34714670627267,0,5,0
773,53,West,22,210.28354120291738,8,23,1
774,43,West,54,422.06673820838853,5,25,0
775,25,South,21,369.0561759291643,8,28,0
776,67,East,22,129.72691637233947,2,13,0
777,45,East,28,278.35086475388397,2,11,0
778,45,North,9,354.8242946834226,5,3,1
779,54,South,26,155.7667466617213,8,28,0
780,58,East,9,423.80982973403457,6,22,1
781,53,South,15,295.172445895334,2,5,0
782,44,West,10,124.35892269917144,2,9,0
783,34,East,24,312.3429917740711,1,17,0
784,26,East,58,499.87121187016135,8,14,0
785,50,South,57,117.7346712485361,2,7,0
786,37,East,42,417.5406185537876,4,25,0
787,30,South,8,143.28905143440107,8,8,0
788,45,East,24,402.0747482570393,7,4,1
789,65,North,16,380.56006540463596,1,9,0
790,46,South,49,185.22022352019457,2,19,0
791,30,East,26,196.62040290400242,1,5,0
792,63,West,27,406.6346263833136,7,15,1
793,52,East,37,257.65048034929066,5,23,0
794,23,West,4,378.86811292031393,5,26,0
795,35,West,50,116.59286631462564,8,2,0
796,68,North,24,433.65100185569906,7,9,0
797,22,South,19,369.8981225070436,3,10,0
798,64,East,36,458.12426397567526,3,10,0
799,42,North,39,109.56757056573761,8,16,1
800,19,East,10,316.85652516226895,0,3,1
801,27,West,25,319.6042632681463,1,3,1
802,47,South,18,209.0573332460521,1,16,0
803,67,East,19,256.309891056166,5,8,0
804,62,East,36,67.09170348043406,3,18,0
805,22,West,10,385.6370173821554,9,4,1
806,50,East,33,297.1951157314283,2,21,0
807,18,East,55,75.9834733411282,2,23,1
808,35,West,50,356.3401518322185,2,5,0
809,49,North,5,260.05193475403456,5,2,0
810,64,West,47,65.50756674125,7,21,0
811,66,North,49,486.3234770816429,6,0,0
812,28,South,35,477.1004643902482,3,19,0
813,38,North,44,280.80608726623893,3,21,0
814,43,North,34,92.15258931765959,9,15,1
815,42,South,33,389.5795497193663,1,22,0
816,39,North,55,271.3689950475781,0,10,0
817,44,West,21,186.10136523022095,8,12,0
818,66,North,17,271.1381798878506,1,26,0
819,30,South,22,285.099865432459,7,9,1
820,50,West,48,303.22026456005267,8,2,0
821,51,South,37,248.55067114489694,3,8,0
822,58,South,15,322.5898864125755,7,27,0
823,52,East,35,463.4306197728698,8,11,1
824,18,East,28,213.02063919436603,9,22,1
825,38,South,7,376.5724084489771,9,13,0
826,65,South,32,452.5036505709045,4,0,0
827,23,South,11,255.1906740919716,6,17,1
828,45,East,10,249.55512637185686,9,16,0
829,34,East,9,320.95264340965076,3,26,0
830,22,North,14,316.13304174011967,0,8,0
831,48,North,13,412.9652040468246,2,8,0
832,22,South,57,264.4175227002317,4,22,0
833,55,West,25,498.2553273377485,2,9,0
834,20,West,2,76.76220599027636,6,18,0
835,40,East,35,51.42553186131578,8,28,1
836,54,East,7,338.0892402018307,5,14,0
837,54,East,21,184.2957105628445,9,4,0
838,27,South,18,158.17207491476773,0,14,0
839,27,West,3,190.3545860019262,6,19,0
840,36,North,42,165.22140429722944,2,22,0
841,34,South,54,63.85552234720153,4,29,0
842,38,North,39,487.18986907576493,9,24,1
843,31,North,41,149.33546980375178,3,27,0
844,26,South,49,380.31339316518785,9,1,1
845,63,North,11,393.1683776123789,4,12,0
846,18,West,39,468.1658291032532,4,23,0
847,68,North,24,63.747255692020985,5,15,1
848,62,West,46,442.42175230115345,9,14,0
849,30,West,19,287.2517813779101,9,24,0
850,21,West,4,334.64484948462257,5,9,0
851,18,East,26,340.01162470446513,7,13,1
852,66,North,38,418.9090122431274,7,9,1
853,57,South,42,200.03329497159973,8,24,1
854,49,South,32,379.87303543699704,7,13,1
855,51,North,39,287.8601493749887,1,25,0
856,45,East,45,407.0273064374065,9,29,0
857,48,East,46,495.74571474656005,0,22,0
858,25,West,36,140.29295783169255,9,8,0
859,56,North,40,497.59188870199904,1,24,0
860,43,North,37,90.4154694272483,1,13,1
861,51,South,33,51.04289655716624,2,2,1
862,20,North,36,69.87287128002407,9,19,0
863,67,East,3,203.80208213154276,6,15,1
864,29,North,9,334.80784880529535,1,1,1
865,18,South,8,81.06329339953234,0,9,0
866,61,West,33,52.54961653830527,5,2,1
867,22,South,59,471.69096280645766,8,10,0
868,47,South,6,419.8669861729683,2,10,0
869,47,West,41,414.132427012564,5,20,0
870,34,South,39,447.9909239758897,2,20,0
871,65,South,4,365.01542274744696,0,21,0
872,64,North,13,96.98185838663665,4,12,0
873,40,North,49,229.59508463317536,9,6,1
874,32,West,2,375.4172689090833,3,22,0
875,54,North,5,176.1505073561844,6,16,1
876,38,North,44,359.3328638613069,5,29,0
877,31,South,27,61.02430172044356,9,1,1
878,19,East,32,187.76180339581694,6,11,1
879,28,North,21,297.1086513247277,4,24,0
880,68,East,8,334.44042327780903,3,9,0
881,56,North,38,309.66829900785984,6,17,0
882,55,North,8,363.9903242330433,6,21,1
883,51,West,50,52.73993670792758,5,26,0
884,55,West,3,95.42353998988467,7,10,0
885,67,West,54,441.02491352561526,3,15,0
886,51,East,44,356.78688984057254,9,16,0
887,35,South,58,100.81923920870508,4,18,0
888,47,North,3,428.93349682936065,3,17,0
889,32,North,22,159.0040480210551,0,2,0
890,44,North,6,265.21694788785055,7,20,0
891,68,East,2,115.33843079809714,0,26,0
892,51,West,23,369.549525389768,4,25,0
893,69,South,44,350.08448945642056,5,15,0
894,55,East,2,145.00061202476127,5,5,0
895,50,West,38,438.5303450856508,4,24,0
896,41,East,17,230.58771089887048,2,11,0
897,32,South,35,181.6317909818338,4,10,0
898,47,West,34,118.54831525904095,7,14,0
899,59,East,23,169.77560563199185,1,14,0
900,68,South,30,59.91211455071765,5,15,0
901,34,North,52,312.465871605252,8,9,0
902,22,South,8,429.0038358547766,7,11,0
903,46,North,22,297.04120224873884,7,27,0
904,21,East,44,148.67328286574406,7,12,1
905,27,West,58,65.15113019624272,6,3,1
906,34,West,36,146.5826329664613,7,6,0
907,27,East,5,237.25464263199154,5,21,0
908,34,West,13,391.82514291490844,1,1,0
909,37,West,29,134.52928364199835,1,25,0
910,41,North,31,373.9061540096087,7,26,0
911,22,East,47,440.1200607583477,0,26,0
912,51,South,57,254.27608164876068,5,26,0
913,23,North,55,419.64439623916695,5,14,0
914,19,East,16,299.595806615793,3,7,0
915,30,North,42,336.69087668640725,9,6,0
916,60,South,30,286.8253071521912,2,14,0
917,60,South,57,258.4277225381038,2,22,0
918,65,East,55,155.59404879913222,0,13,0
919,28,South,16,186.43732675747071,2,7,0
920,68,North,12,180.48655352462407,3,27,0
921,64,South,17,303.4800189292166,4,11,0
922,40,North,16,103.97916186075047,2,12,0
923,33,North,12,462.5562608160508,5,29,0
924,48,South,8,374.29481537740094,4,10,0
925,28,East,20,230.65053391093713,2,16,0
926,33,West,3,121.38086503687008,5,28,0
927,25,South,16,446.89647637473615,5,16,0
928,21,North,30,420.70014054552433,7,23,0
929,57,North,45,374.7746987227307,1,3,0
930,21,South,23,172.19617133505906,0,20,0
931,42,East,28,231.10098684515103,3,7,0
932,20,East,51,96.23671360359052,6,4,1
933,49,North,40,135.06778612738927,9,25,0
934,20,North,54,402.3574867925298,2,15,0
935,44,East,5,371.7674234828077,2,3,0
936,46,West,20,317.0685933391706,4,27,0
937,49,South,40,453.0770266667778,4,21,0
938,67,North,56,312.4699330158704,9,28,1
939,68,North,44,260.13559998362484,2,14,0
940,36,East,1,203.16683583759323,8,11,0
941,38,South,57,473.20182758127766,3,4,1
942,22,East,30,87.22195768595907,2,29,1
943,35,South,21,468.89931742736377,1,22,0
944,45,South,20,422.02159696895825,9,15,0
945,59,South,6,108.46846604106558,8,13,1
946,39,North,22,304.2429609538641,3,9,0
947,38,West,18,439.9465917870891,2,6,0
948,23,East,8,307.3141236232192,6,12,0
949,18,West,39,458.23991970228,7,19,0
950,22,East,32,474.3427175672191,1,27,0
951,58,South,33,240.07303498293766,6,28,0
952,29,North,53,219.79114763284562,4,4,0
953,43,West,16,471.34451928612054,4,28,0
954,63,North,12,353.81302751735063,2,2,1
955,51,East,38,102.21020660667618,4,14,0
956,66,North,52,69.03128715020654,1,3,1
957,31,North,34,304.0830729487684,3,14,0
958,43,West,14,468.5769344472911,5,13,0
959,62,South,36,429.9119160826183,0,19,0
960,44,North,33,354.1314859089514,9,18,0
961,26,South,23,112.60213200098939,3,12,0
962,43,East,50,164.404122686913,5,9,0
963,64,North,45,443.98005194867727,8,20,0
964,39,West,2,132.26325649560522,1,4,0
965,64,East,41,175.29773371269556,6,26,1
966,47,East,21,108.32029303794889,5,22,0
967,60,West,2,354.248704136485,1,19,0
968,65,North,27,474.7920374134443,7,28,0
969,34,North,57,171.0356142179237,6,19,0
970,43,East,9,263.9329735325332,4,24,0
971,53,North,1,335.45288287004195,4,5,0
972,18,South,11,499.7598116970338,6,3,1
973,25,West,3,97.16362924890745,8,1,1
974,66,South,52,274.3568597775691,8,21,1
975,52,North,23,223.30405395612502,8,15,0
976,69,East,26,439.6190743500598,5,17,0
977,32,West,4,264.1854789552451,9,4,1
978,64,North,18,99.93988606331664,5,21,0
979,39,North,55,335.4908653789626,2,3,0
980,31,East,6,396.8512782187459,0,29,0
981,43,East,35,51.296563249526564,6,12,1
982,45,South,22,436.53050843928327,3,18,0
983,40,West,43,133.71035000254955,0,22,0
984,31,West,15,298.43121409402005,7,1,0
985,41,East,22,237.10887530935256,5,12,0
986,19,South,37,373.8442174747387,5,10,0
987,62,West,52,217.02272665358382,1,29,0
988,43,East,42,441.39342950676985,0,21,0
989,31,North,12,378.7233624314556,1,28,0
990,68,West,47,341.47092697831465,3,3,1
991,24,South,49,408.30826800328447,1,21,0
992,20,South,42,389.310365717772,0,19,0
993,64,South,38,66.172403714699,6,19,0
994,40,North,18,227.63045923017265,7,14,1
995,63,West,45,468.8632837924204,5,3,1
996,60,West,35,106.5759210465018,3,8,0
997,64,North,30,381.69344769442307,5,6,0
998,62,West,24,488.56631510089835,2,18,0
999,35,North,42,73.48938307023724,7,18,0
1000,55,North,30,356.9872462819747,9,5,0
